{"config": {"pkg": "./navier_stokes_otm_arg", "execdate": "21-09-2025_01:10:18", "command": "pascalanalyzer ./navier_stokes_otm_arg --inst aut --idtm 0 --cors 1:2 -c 1:6 -i navier_stokes_otm_arg,400.0,100.0,4.0,2.5 -o navier_otm_arg.json -v DEBUG", "hostname": "arleswasb", "kernel": "Linux-6.14.0-29-generic-x86_64-with-glibc2.14", "disable_hyperthread": false, "auto_instrumentation": true, "idle_time": 0.0, "data_descriptor": {"values": ["start_time", "stop_time"], "extras": {"regions": {"values": ["start_time", "stop_time", "start_line", "stop_line", "thread_id", "filename"]}}, "keys": ["cores", "input", "repetitions"]}, "disable_cores": false, "discard_ompnt": true, "arguments": ["4.0", "2.5", "100.0", "400.0", "navier_stokes_otm_arg"]}, "data": {"6;0;1": {"start_time": 1758427818.1747441, "stop_time": 1758427818.1772287}, "6;1;1": {"start_time": 1758427818.1778977, "stop_time": 1758427818.1800077}, "6;2;1": {"start_time": 1758427818.1805596, "stop_time": 1758427818.1823745}, "6;3;1": {"start_time": 1758427818.1829128, "stop_time": 1758427818.184704}, "6;4;1": {"start_time": 1758427818.185255, "stop_time": 1758427818.187056}, "5;0;1": {"start_time": 1758427818.1875794, "stop_time": 1758427818.1892874}, "5;1;1": {"start_time": 1758427818.1898355, "stop_time": 1758427818.1917007}, "5;2;1": {"start_time": 1758427818.1923027, "stop_time": 1758427818.1943939}, "5;3;1": {"start_time": 1758427818.195003, "stop_time": 1758427818.1970768}, "5;4;1": {"start_time": 1758427818.197609, "stop_time": 1758427818.19943}, "4;0;1": {"start_time": 1758427818.2000113, "stop_time": 1758427818.2018163}, "4;1;1": {"start_time": 1758427818.2023225, "stop_time": 1758427818.2040591}, "4;2;1": {"start_time": 1758427818.2045586, "stop_time": 1758427818.2067578}, "4;3;1": {"start_time": 1758427818.2074163, "stop_time": 1758427818.2096322}, "4;4;1": {"start_time": 1758427818.210256, "stop_time": 1758427818.2122366}, "3;0;1": {"start_time": 1758427818.21282, "stop_time": 1758427818.214579}, "3;1;1": {"start_time": 1758427818.215133, "stop_time": 1758427818.2168698}, "3;2;1": {"start_time": 1758427818.217418, "stop_time": 1758427818.219202}, "3;3;1": {"start_time": 1758427818.2197492, "stop_time": 1758427818.221486}, "3;4;1": {"start_time": 1758427818.2222755, "stop_time": 1758427818.2248466}, "2;0;1": {"start_time": 1758427818.2255414, "stop_time": 1758427818.2276685}, "2;1;1": {"start_time": 1758427818.22824, "stop_time": 1758427818.230069}, "2;2;1": {"start_time": 1758427818.2306104, "stop_time": 1758427818.2323701}, "2;3;1": {"start_time": 1758427818.2329197, "stop_time": 1758427818.234758}, "2;4;1": {"start_time": 1758427818.2352781, "stop_time": 1758427818.2370923}, "1;0;1": {"start_time": 1758427818.2376297, "stop_time": 1758427818.239854}, "1;1;1": {"start_time": 1758427818.2405283, "stop_time": 1758427818.242887}, "1;2;1": {"start_time": 1758427818.2434685, "stop_time": 1758427818.2453582}, "1;3;1": {"start_time": 1758427818.2459345, "stop_time": 1758427818.2477534}, "1;4;1": {"start_time": 1758427818.2482498, "stop_time": 1758427818.25011}}}